<Residues>
 <Residue name="A">
  <Bond from="-O3'" to="P"/>
  <Bond from="C1'" to="C2'"/>
  <Bond from="C1'" to="H1'"/>
  <Bond from="C1'" to="N9"/>
  <Bond from="C1'" to="O4'"/>
  <Bond from="C2" to="H2"/>
  <Bond from="C2" to="N1"/>
  <Bond from="C2" to="N3"/>
  <Bond from="C2'" to="C3'"/>
  <Bond from="C2'" to="H2'"/>
  <Bond from="C2'" to="O2'"/>
  <Bond from="C3'" to="C4'"/>
  <Bond from="C3'" to="H3'"/>
  <Bond from="C3'" to="O3'"/>
  <Bond from="C4" to="C5"/>
  <Bond from="C4" to="N3"/>
  <Bond from="C4" to="N9"/>
  <Bond from="C4'" to="C5'"/>
  <Bond from="C4'" to="H4'"/>
  <Bond from="C4'" to="O4'"/>
  <Bond from="C5" to="C6"/>
  <Bond from="C5" to="N7"/>
  <Bond from="C5'" to="H5'"/>
  <Bond from="C5'" to="H5''"/>
  <Bond from="C5'" to="O5'"/>
  <Bond from="C6" to="N1"/>
  <Bond from="C6" to="N6"/>
  <Bond from="C8" to="H8"/>
  <Bond from="C8" to="N7"/>
  <Bond from="C8" to="N9"/>
  <Bond from="H61" to="N6"/>
  <Bond from="H62" to="N6"/>
  <Bond from="HO2'" to="O2'"/>
  <Bond from="HO3'" to="O3'"/>
  <Bond from="HOP2" to="OP2"/>
  <Bond from="HOP3" to="OP3"/>
  <Bond from="O5'" to="P"/>
  <Bond from="OP1" to="P"/>
  <Bond from="OP2" to="P"/>
  <Bond from="OP3" to="P"/>
  <Bond from="HO5'" to="O5'"/>
 </Residue>
 <Residue name="ACE">
  <Bond from="C" to="CH3"/>
  <Bond from="C" to="H"/>
  <Bond from="C" to="O"/>
  <Bond from="CH3" to="H1"/>
  <Bond from="CH3" to="H2"/>
  <Bond from="CH3" to="H3"/>
 </Residue>
 <Residue name="AIB">
  <Bond from="-C" to="N"/>
  <Bond from="C" to="CA"/>
  <Bond from="C" to="O"/>
  <Bond from="C" to="OXT"/>
  <Bond from="CA" to="CB1"/>
  <Bond from="CA" to="CB2"/>
  <Bond from="CA" to="N"/>
  <Bond from="CB1" to="HB11"/>
  <Bond from="CB1" to="HB12"/>
  <Bond from="CB1" to="HB13"/>
  <Bond from="CB2" to="HB21"/>
  <Bond from="CB2" to="HB22"/>
  <Bond from="CB2" to="HB23"/>
  <Bond from="H" to="N"/>
  <Bond from="H2" to="N"/>
  <Bond from="H3" to="N"/>
  <Bond from="HO2" to="OXT"/>
 </Residue>
 <Residue name="ALA">
  <Bond from="-C" to="N"/>
  <Bond from="C" to="CA"/>
  <Bond from="C" to="O"/>
  <Bond from="C" to="OXT"/>
  <Bond from="CA" to="CB"/>
  <Bond from="CA" to="HA"/>
  <Bond from="CA" to="N"/>
  <Bond from="CB" to="HB1"/>
  <Bond from="CB" to="HB2"/>
  <Bond from="CB" to="HB3"/>
  <Bond from="H" to="N"/>
  <Bond from="H2" to="N"/>
  <Bond from="H3" to="N"/>
  <Bond from="HXT" to="OXT"/>
 </Residue>
 <Residue name="ARG">
  <Bond from="-C" to="N"/>
  <Bond from="C" to="CA"/>
  <Bond from="C" to="O"/>
  <Bond from="C" to="OXT"/>
  <Bond from="CA" to="CB"/>
  <Bond from="CA" to="HA"/>
  <Bond from="CA" to="N"/>
  <Bond from="CB" to="CG"/>
  <Bond from="CB" to="HB2"/>
  <Bond from="CB" to="HB3"/>
  <Bond from="CD" to="CG"/>
  <Bond from="CD" to="HD2"/>
  <Bond from="CD" to="HD3"/>
  <Bond from="CD" to="NE"/>
  <Bond from="CG" to="HG2"/>
  <Bond from="CG" to="HG3"/>
  <Bond from="CZ" to="NE"/>
  <Bond from="CZ" to="NH1"/>
  <Bond from="CZ" to="NH2"/>
  <Bond from="H" to="N"/>
  <Bond from="H2" to="N"/>
  <Bond from="H3" to="N"/>
  <Bond from="HE" to="NE"/>
  <Bond from="HH11" to="NH1"/>
  <Bond from="HH12" to="NH1"/>
  <Bond from="HH21" to="NH2"/>
  <Bond from="HH22" to="NH2"/>
  <Bond from="HXT" to="OXT"/>
 </Residue>
 <Residue name="ASN">
  <Bond from="-C" to="N"/>
  <Bond from="C" to="CA"/>
  <Bond from="C" to="O"/>
  <Bond from="C" to="OXT"/>
  <Bond from="CA" to="CB"/>
  <Bond from="CA" to="HA"/>
  <Bond from="CA" to="N"/>
  <Bond from="CB" to="CG"/>
  <Bond from="CB" to="HB2"/>
  <Bond from="CB" to="HB3"/>
  <Bond from="CG" to="ND2"/>
  <Bond from="CG" to="OD1"/>
  <Bond from="H" to="N"/>
  <Bond from="H2" to="N"/>
  <Bond from="H3" to="N"/>
  <Bond from="HD21" to="ND2"/>
  <Bond from="HD22" to="ND2"/>
  <Bond from="HXT" to="OXT"/>
 </Residue>
 <Residue name="ASP">
  <Bond from="-C" to="N"/>
  <Bond from="C" to="CA"/>
  <Bond from="C" to="O"/>
  <Bond from="C" to="OXT"/>
  <Bond from="CA" to="CB"/>
  <Bond from="CA" to="HA"/>
  <Bond from="CA" to="N"/>
  <Bond from="CB" to="CG"/>
  <Bond from="CB" to="HB2"/>
  <Bond from="CB" to="HB3"/>
  <Bond from="CG" to="OD1"/>
  <Bond from="CG" to="OD2"/>
  <Bond from="H" to="N"/>
  <Bond from="H2" to="N"/>
  <Bond from="H3" to="N"/>
  <Bond from="HD2" to="OD2"/>
  <Bond from="HXT" to="OXT"/>
 </Residue>
 <Residue name="C">
  <Bond from="-O3'" to="P"/>
  <Bond from="C1'" to="C2'"/>
  <Bond from="C1'" to="H1'"/>
  <Bond from="C1'" to="N1"/>
  <Bond from="C1'" to="O4'"/>
  <Bond from="C2" to="N1"/>
  <Bond from="C2" to="N3"/>
  <Bond from="C2" to="O2"/>
  <Bond from="C2'" to="C3'"/>
  <Bond from="C2'" to="H2'"/>
  <Bond from="C2'" to="O2'"/>
  <Bond from="C3'" to="C4'"/>
  <Bond from="C3'" to="H3'"/>
  <Bond from="C3'" to="O3'"/>
  <Bond from="C4" to="C5"/>
  <Bond from="C4" to="N3"/>
  <Bond from="C4" to="N4"/>
  <Bond from="C4'" to="C5'"/>
  <Bond from="C4'" to="H4'"/>
  <Bond from="C4'" to="O4'"/>
  <Bond from="C5" to="C6"/>
  <Bond from="C5" to="H5"/>
  <Bond from="C5'" to="H5'"/>
  <Bond from="C5'" to="H5''"/>
  <Bond from="C5'" to="O5'"/>
  <Bond from="C6" to="H6"/>
  <Bond from="C6" to="N1"/>
  <Bond from="H41" to="N4"/>
  <Bond from="H42" to="N4"/>
  <Bond from="HO2'" to="O2'"/>
  <Bond from="HO3'" to="O3'"/>
  <Bond from="HOP2" to="OP2"/>
  <Bond from="HOP3" to="OP3"/>
  <Bond from="O5'" to="P"/>
  <Bond from="OP1" to="P"/>
  <Bond from="OP2" to="P"/>
  <Bond from="OP3" to="P"/>
  <Bond from="HO5'" to="O5'"/>
 </Residue>
 <Residue name="CYS">
  <Bond from="-C" to="N"/>
  <Bond from="C" to="CA"/>
  <Bond from="C" to="O"/>
  <Bond from="C" to="OXT"/>
  <Bond from="CA" to="CB"/>
  <Bond from="CA" to="HA"/>
  <Bond from="CA" to="N"/>
  <Bond from="CB" to="HB2"/>
  <Bond from="CB" to="HB3"/>
  <Bond from="CB" to="SG"/>
  <Bond from="H" to="N"/>
  <Bond from="H2" to="N"/>
  <Bond from="H3" to="N"/>
  <Bond from="HG" to="SG"/>
  <Bond from="HXT" to="OXT"/>
 </Residue>
 <Residue name="DA">
  <Bond from="-O3'" to="P"/>
  <Bond from="C1'" to="C2'"/>
  <Bond from="C1'" to="H1'"/>
  <Bond from="C1'" to="N9"/>
  <Bond from="C1'" to="O4'"/>
  <Bond from="C2" to="H2"/>
  <Bond from="C2" to="N1"/>
  <Bond from="C2" to="N3"/>
  <Bond from="C2'" to="C3'"/>
  <Bond from="C2'" to="H2'"/>
  <Bond from="C2'" to="H2''"/>
  <Bond from="C3'" to="C4'"/>
  <Bond from="C3'" to="H3'"/>
  <Bond from="C3'" to="O3'"/>
  <Bond from="C4" to="C5"/>
  <Bond from="C4" to="N3"/>
  <Bond from="C4" to="N9"/>
  <Bond from="C4'" to="C5'"/>
  <Bond from="C4'" to="H4'"/>
  <Bond from="C4'" to="O4'"/>
  <Bond from="C5" to="C6"/>
  <Bond from="C5" to="N7"/>
  <Bond from="C5'" to="H5'"/>
  <Bond from="C5'" to="H5''"/>
  <Bond from="C5'" to="O5'"/>
  <Bond from="C6" to="N1"/>
  <Bond from="C6" to="N6"/>
  <Bond from="C8" to="H8"/>
  <Bond from="C8" to="N7"/>
  <Bond from="C8" to="N9"/>
  <Bond from="H61" to="N6"/>
  <Bond from="H62" to="N6"/>
  <Bond from="HO3'" to="O3'"/>
  <Bond from="HOP2" to="OP2"/>
  <Bond from="HOP3" to="OP3"/>
  <Bond from="O5'" to="P"/>
  <Bond from="OP1" to="P"/>
  <Bond from="OP2" to="P"/>
  <Bond from="OP3" to="P"/>
  <Bond from="HO5'" to="O5'"/>
 </Residue>
 <Residue name="DC">
  <Bond from="-O3'" to="P"/>
  <Bond from="C1'" to="C2'"/>
  <Bond from="C1'" to="H1'"/>
  <Bond from="C1'" to="N1"/>
  <Bond from="C1'" to="O4'"/>
  <Bond from="C2" to="N1"/>
  <Bond from="C2" to="N3"/>
  <Bond from="C2" to="O2"/>
  <Bond from="C2'" to="C3'"/>
  <Bond from="C2'" to="H2'"/>
  <Bond from="C2'" to="H2''"/>
  <Bond from="C3'" to="C4'"/>
  <Bond from="C3'" to="H3'"/>
  <Bond from="C3'" to="O3'"/>
  <Bond from="C4" to="C5"/>
  <Bond from="C4" to="N3"/>
  <Bond from="C4" to="N4"/>
  <Bond from="C4'" to="C5'"/>
  <Bond from="C4'" to="H4'"/>
  <Bond from="C4'" to="O4'"/>
  <Bond from="C5" to="C6"/>
  <Bond from="C5" to="H5"/>
  <Bond from="C5'" to="H5'"/>
  <Bond from="C5'" to="H5''"/>
  <Bond from="C5'" to="O5'"/>
  <Bond from="C6" to="H6"/>
  <Bond from="C6" to="N1"/>
  <Bond from="H41" to="N4"/>
  <Bond from="H42" to="N4"/>
  <Bond from="HO3'" to="O3'"/>
  <Bond from="HOP2" to="OP2"/>
  <Bond from="HOP3" to="OP3"/>
  <Bond from="O5'" to="P"/>
  <Bond from="OP1" to="P"/>
  <Bond from="OP2" to="P"/>
  <Bond from="OP3" to="P"/>
  <Bond from="HO5'" to="O5'"/>
 </Residue>
 <Residue name="DG">
  <Bond from="-O3'" to="P"/>
  <Bond from="C1'" to="C2'"/>
  <Bond from="C1'" to="H1'"/>
  <Bond from="C1'" to="N9"/>
  <Bond from="C1'" to="O4'"/>
  <Bond from="C2" to="N1"/>
  <Bond from="C2" to="N2"/>
  <Bond from="C2" to="N3"/>
  <Bond from="C2'" to="C3'"/>
  <Bond from="C2'" to="H2'"/>
  <Bond from="C2'" to="H2''"/>
  <Bond from="C3'" to="C4'"/>
  <Bond from="C3'" to="H3'"/>
  <Bond from="C3'" to="O3'"/>
  <Bond from="C4" to="C5"/>
  <Bond from="C4" to="N3"/>
  <Bond from="C4" to="N9"/>
  <Bond from="C4'" to="C5'"/>
  <Bond from="C4'" to="H4'"/>
  <Bond from="C4'" to="O4'"/>
  <Bond from="C5" to="C6"/>
  <Bond from="C5" to="N7"/>
  <Bond from="C5'" to="H5'"/>
  <Bond from="C5'" to="H5''"/>
  <Bond from="C5'" to="O5'"/>
  <Bond from="C6" to="N1"/>
  <Bond from="C6" to="O6"/>
  <Bond from="C8" to="H8"/>
  <Bond from="C8" to="N7"/>
  <Bond from="C8" to="N9"/>
  <Bond from="H1" to="N1"/>
  <Bond from="H21" to="N2"/>
  <Bond from="H22" to="N2"/>
  <Bond from="HO3'" to="O3'"/>
  <Bond from="HOP2" to="OP2"/>
  <Bond from="HOP3" to="OP3"/>
  <Bond from="O5'" to="P"/>
  <Bond from="OP1" to="P"/>
  <Bond from="OP2" to="P"/>
  <Bond from="OP3" to="P"/>
  <Bond from="HO5'" to="O5'"/>
 </Residue>
 <Residue name="DT">
  <Bond from="-O3'" to="P"/>
  <Bond from="C1'" to="C2'"/>
  <Bond from="C1'" to="H1'"/>
  <Bond from="C1'" to="N1"/>
  <Bond from="C1'" to="O4'"/>
  <Bond from="C2" to="N1"/>
  <Bond from="C2" to="N3"/>
  <Bond from="C2" to="O2"/>
  <Bond from="C2'" to="C3'"/>
  <Bond from="C2'" to="H2'"/>
  <Bond from="C2'" to="H2''"/>
  <Bond from="C3'" to="C4'"/>
  <Bond from="C3'" to="H3'"/>
  <Bond from="C3'" to="O3'"/>
  <Bond from="C4" to="C5"/>
  <Bond from="C4" to="N3"/>
  <Bond from="C4" to="O4"/>
  <Bond from="C4'" to="C5'"/>
  <Bond from="C4'" to="H4'"/>
  <Bond from="C4'" to="O4'"/>
  <Bond from="C5" to="C6"/>
  <Bond from="C5" to="C7"/>
  <Bond from="C5'" to="H5'"/>
  <Bond from="C5'" to="H5''"/>
  <Bond from="C5'" to="O5'"/>
  <Bond from="C6" to="H6"/>
  <Bond from="C6" to="N1"/>
  <Bond from="C7" to="H71"/>
  <Bond from="C7" to="H72"/>
  <Bond from="C7" to="H73"/>
  <Bond from="H3" to="N3"/>
  <Bond from="HO3'" to="O3'"/>
  <Bond from="HOP2" to="OP2"/>
  <Bond from="HOP3" to="OP3"/>
  <Bond from="O5'" to="P"/>
  <Bond from="OP1" to="P"/>
  <Bond from="OP2" to="P"/>
  <Bond from="OP3" to="P"/>
  <Bond from="HO5'" to="O5'"/>
 </Residue>
 <Residue name="FOR">
  <Bond from="-C" to="N"/>
  <Bond from="C" to="H1"/>
  <Bond from="C" to="H2"/>
  <Bond from="C" to="O"/>
  <Bond from="H3" to="N"/>
 </Residue>
 <Residue name="G">
  <Bond from="-O3'" to="P"/>
  <Bond from="C1'" to="C2'"/>
  <Bond from="C1'" to="H1'"/>
  <Bond from="C1'" to="N9"/>
  <Bond from="C1'" to="O4'"/>
  <Bond from="C2" to="N1"/>
  <Bond from="C2" to="N2"/>
  <Bond from="C2" to="N3"/>
  <Bond from="C2'" to="C3'"/>
  <Bond from="C2'" to="H2'"/>
  <Bond from="C2'" to="O2'"/>
  <Bond from="C3'" to="C4'"/>
  <Bond from="C3'" to="H3'"/>
  <Bond from="C3'" to="O3'"/>
  <Bond from="C4" to="C5"/>
  <Bond from="C4" to="N3"/>
  <Bond from="C4" to="N9"/>
  <Bond from="C4'" to="C5'"/>
  <Bond from="C4'" to="H4'"/>
  <Bond from="C4'" to="O4'"/>
  <Bond from="C5" to="C6"/>
  <Bond from="C5" to="N7"/>
  <Bond from="C5'" to="H5'"/>
  <Bond from="C5'" to="H5''"/>
  <Bond from="C5'" to="O5'"/>
  <Bond from="C6" to="N1"/>
  <Bond from="C6" to="O6"/>
  <Bond from="C8" to="H8"/>
  <Bond from="C8" to="N7"/>
  <Bond from="C8" to="N9"/>
  <Bond from="H1" to="N1"/>
  <Bond from="H21" to="N2"/>
  <Bond from="H22" to="N2"/>
  <Bond from="HO2'" to="O2'"/>
  <Bond from="HO3'" to="O3'"/>
  <Bond from="HOP2" to="OP2"/>
  <Bond from="HOP3" to="OP3"/>
  <Bond from="O5'" to="P"/>
  <Bond from="OP1" to="P"/>
  <Bond from="OP2" to="P"/>
  <Bond from="OP3" to="P"/>
  <Bond from="HO5'" to="O5'"/>
 </Residue>
 <Residue name="GLN">
  <Bond from="-C" to="N"/>
  <Bond from="C" to="CA"/>
  <Bond from="C" to="O"/>
  <Bond from="C" to="OXT"/>
  <Bond from="CA" to="CB"/>
  <Bond from="CA" to="HA"/>
  <Bond from="CA" to="N"/>
  <Bond from="CB" to="CG"/>
  <Bond from="CB" to="HB2"/>
  <Bond from="CB" to="HB3"/>
  <Bond from="CD" to="CG"/>
  <Bond from="CD" to="NE2"/>
  <Bond from="CD" to="OE1"/>
  <Bond from="CG" to="HG2"/>
  <Bond from="CG" to="HG3"/>
  <Bond from="H" to="N"/>
  <Bond from="H2" to="N"/>
  <Bond from="H3" to="N"/>
  <Bond from="HE21" to="NE2"/>
  <Bond from="HE22" to="NE2"/>
  <Bond from="HXT" to="OXT"/>
 </Residue>
 <Residue name="GLU">
  <Bond from="-C" to="N"/>
  <Bond from="C" to="CA"/>
  <Bond from="C" to="O"/>
  <Bond from="C" to="OXT"/>
  <Bond from="CA" to="CB"/>
  <Bond from="CA" to="HA"/>
  <Bond from="CA" to="N"/>
  <Bond from="CB" to="CG"/>
  <Bond from="CB" to="HB2"/>
  <Bond from="CB" to="HB3"/>
  <Bond from="CD" to="CG"/>
  <Bond from="CD" to="OE1"/>
  <Bond from="CD" to="OE2"/>
  <Bond from="CG" to="HG2"/>
  <Bond from="CG" to="HG3"/>
  <Bond from="H" to="N"/>
  <Bond from="H2" to="N"/>
  <Bond from="H3" to="N"/>
  <Bond from="HE2" to="OE2"/>
  <Bond from="HXT" to="OXT"/>
 </Residue>
 <Residue name="GLY">
  <Bond from="-C" to="N"/>
  <Bond from="C" to="CA"/>
  <Bond from="C" to="O"/>
  <Bond from="C" to="OXT"/>
  <Bond from="CA" to="HA2"/>
  <Bond from="CA" to="HA3"/>
  <Bond from="CA" to="N"/>
  <Bond from="H" to="N"/>
  <Bond from="H2" to="N"/>
  <Bond from="H3" to="N"/>
  <Bond from="HXT" to="OXT"/>
 </Residue>
 <Residue name="HIS">
  <Bond from="-C" to="N"/>
  <Bond from="C" to="CA"/>
  <Bond from="C" to="O"/>
  <Bond from="C" to="OXT"/>
  <Bond from="CA" to="CB"/>
  <Bond from="CA" to="HA"/>
  <Bond from="CA" to="N"/>
  <Bond from="CB" to="CG"/>
  <Bond from="CB" to="HB2"/>
  <Bond from="CB" to="HB3"/>
  <Bond from="CD2" to="CG"/>
  <Bond from="CD2" to="HD2"/>
  <Bond from="CD2" to="NE2"/>
  <Bond from="CE1" to="HE1"/>
  <Bond from="CE1" to="ND1"/>
  <Bond from="CE1" to="NE2"/>
  <Bond from="CG" to="ND1"/>
  <Bond from="H" to="N"/>
  <Bond from="H2" to="N"/>
  <Bond from="H3" to="N"/>
  <Bond from="HD1" to="ND1"/>
  <Bond from="HE2" to="NE2"/>
  <Bond from="HXT" to="OXT"/>
 </Residue>
 <Residue name="HOH">
  <Bond from="H1" to="O"/>
  <Bond from="H2" to="O"/>
 </Residue>
 <Residue name="ILE">
  <Bond from="-C" to="N"/>
  <Bond from="C" to="CA"/>
  <Bond from="C" to="O"/>
  <Bond from="C" to="OXT"/>
  <Bond from="CA" to="CB"/>
  <Bond from="CA" to="HA"/>
  <Bond from="CA" to="N"/>
  <Bond from="CB" to="CG1"/>
  <Bond from="CB" to="CG2"/>
  <Bond from="CB" to="HB"/>
  <Bond from="CD1" to="CG1"/>
  <Bond from="CD1" to="HD11"/>
  <Bond from="CD1" to="HD12"/>
  <Bond from="CD1" to="HD13"/>
  <Bond from="CG1" to="HG12"/>
  <Bond from="CG1" to="HG13"/>
  <Bond from="CG2" to="HG21"/>
  <Bond from="CG2" to="HG22"/>
  <Bond from="CG2" to="HG23"/>
  <Bond from="H" to="N"/>
  <Bond from="H2" to="N"/>
  <Bond from="H3" to="N"/>
  <Bond from="HXT" to="OXT"/>
 </Residue>
 <Residue name="LEU">
  <Bond from="-C" to="N"/>
  <Bond from="C" to="CA"/>
  <Bond from="C" to="O"/>
  <Bond from="C" to="OXT"/>
  <Bond from="CA" to="CB"/>
  <Bond from="CA" to="HA"/>
  <Bond from="CA" to="N"/>
  <Bond from="CB" to="CG"/>
  <Bond from="CB" to="HB2"/>
  <Bond from="CB" to="HB3"/>
  <Bond from="CD1" to="CG"/>
  <Bond from="CD1" to="HD11"/>
  <Bond from="CD1" to="HD12"/>
  <Bond from="CD1" to="HD13"/>
  <Bond from="CD2" to="CG"/>
  <Bond from="CD2" to="HD21"/>
  <Bond from="CD2" to="HD22"/>
  <Bond from="CD2" to="HD23"/>
  <Bond from="CG" to="HG"/>
  <Bond from="H" to="N"/>
  <Bond from="H2" to="N"/>
  <Bond from="H3" to="N"/>
  <Bond from="HXT" to="OXT"/>
 </Residue>
 <Residue name="LYS">
  <Bond from="-C" to="N"/>
  <Bond from="C" to="CA"/>
  <Bond from="C" to="O"/>
  <Bond from="C" to="OXT"/>
  <Bond from="CA" to="CB"/>
  <Bond from="CA" to="HA"/>
  <Bond from="CA" to="N"/>
  <Bond from="CB" to="CG"/>
  <Bond from="CB" to="HB2"/>
  <Bond from="CB" to="HB3"/>
  <Bond from="CD" to="CE"/>
  <Bond from="CD" to="CG"/>
  <Bond from="CD" to="HD2"/>
  <Bond from="CD" to="HD3"/>
  <Bond from="CE" to="HE2"/>
  <Bond from="CE" to="HE3"/>
  <Bond from="CE" to="NZ"/>
  <Bond from="CG" to="HG2"/>
  <Bond from="CG" to="HG3"/>
  <Bond from="H" to="N"/>
  <Bond from="H2" to="N"/>
  <Bond from="H3" to="N"/>
  <Bond from="HXT" to="OXT"/>
  <Bond from="HZ1" to="NZ"/>
  <Bond from="HZ2" to="NZ"/>
  <Bond from="HZ3" to="NZ"/>
 </Residue>
 <Residue name="MET">
  <Bond from="-C" to="N"/>
  <Bond from="C" to="CA"/>
  <Bond from="C" to="O"/>
  <Bond from="C" to="OXT"/>
  <Bond from="CA" to="CB"/>
  <Bond from="CA" to="HA"/>
  <Bond from="CA" to="N"/>
  <Bond from="CB" to="CG"/>
  <Bond from="CB" to="HB2"/>
  <Bond from="CB" to="HB3"/>
  <Bond from="CE" to="HE1"/>
  <Bond from="CE" to="HE2"/>
  <Bond from="CE" to="HE3"/>
  <Bond from="CE" to="SD"/>
  <Bond from="CG" to="HG2"/>
  <Bond from="CG" to="HG3"/>
  <Bond from="CG" to="SD"/>
  <Bond from="H" to="N"/>
  <Bond from="H2" to="N"/>
  <Bond from="H3" to="N"/>
  <Bond from="HXT" to="OXT"/>
 </Residue>
 <Residue name="NH2">
  <Bond from="-C" to="N"/>
  <Bond from="HN1" to="N"/>
  <Bond from="HN2" to="N"/>
 </Residue>
 <Residue name="NME">
  <Bond from="-C" to="N"/>
  <Bond from="C" to="H1"/>
  <Bond from="C" to="H2"/>
  <Bond from="C" to="H3"/>
  <Bond from="C" to="N"/>
  <Bond from="H" to="N"/>
  <Bond from="HN2" to="N"/>
 </Residue>
 <Residue name="ORN">
  <Bond from="-C" to="N"/>
  <Bond from="C" to="CA"/>
  <Bond from="C" to="O"/>
  <Bond from="C" to="OXT"/>
  <Bond from="CA" to="CB"/>
  <Bond from="CA" to="HA"/>
  <Bond from="CA" to="N"/>
  <Bond from="CB" to="CG"/>
  <Bond from="CB" to="HB2"/>
  <Bond from="CB" to="HB3"/>
  <Bond from="CD" to="CG"/>
  <Bond from="CD" to="HD2"/>
  <Bond from="CD" to="HD3"/>
  <Bond from="CD" to="NE"/>
  <Bond from="CG" to="HG2"/>
  <Bond from="CG" to="HG3"/>
  <Bond from="H" to="N"/>
  <Bond from="H2" to="N"/>
  <Bond from="H3" to="N"/>
  <Bond from="HE1" to="NE"/>
  <Bond from="HE2" to="NE"/>
  <Bond from="HXT" to="OXT"/>
 </Residue>
 <Residue name="PCA">
  <Bond from="-C" to="N"/>
  <Bond from="C" to="CA"/>
  <Bond from="C" to="O"/>
  <Bond from="C" to="OXT"/>
  <Bond from="CA" to="CB"/>
  <Bond from="CA" to="HA"/>
  <Bond from="CA" to="N"/>
  <Bond from="CB" to="CG"/>
  <Bond from="CB" to="HB2"/>
  <Bond from="CB" to="HB3"/>
  <Bond from="CD" to="CG"/>
  <Bond from="CD" to="N"/>
  <Bond from="CD" to="OE"/>
  <Bond from="CG" to="HG2"/>
  <Bond from="CG" to="HG3"/>
  <Bond from="H" to="N"/>
  <Bond from="H3" to="N"/>
  <Bond from="HXT" to="OXT"/>
 </Residue>
 <Residue name="PHE">
  <Bond from="-C" to="N"/>
  <Bond from="C" to="CA"/>
  <Bond from="C" to="O"/>
  <Bond from="C" to="OXT"/>
  <Bond from="CA" to="CB"/>
  <Bond from="CA" to="HA"/>
  <Bond from="CA" to="N"/>
  <Bond from="CB" to="CG"/>
  <Bond from="CB" to="HB2"/>
  <Bond from="CB" to="HB3"/>
  <Bond from="CD1" to="CE1"/>
  <Bond from="CD1" to="CG"/>
  <Bond from="CD1" to="HD1"/>
  <Bond from="CD2" to="CE2"/>
  <Bond from="CD2" to="CG"/>
  <Bond from="CD2" to="HD2"/>
  <Bond from="CE1" to="CZ"/>
  <Bond from="CE1" to="HE1"/>
  <Bond from="CE2" to="CZ"/>
  <Bond from="CE2" to="HE2"/>
  <Bond from="CZ" to="HZ"/>
  <Bond from="H" to="N"/>
  <Bond from="H2" to="N"/>
  <Bond from="H3" to="N"/>
  <Bond from="HXT" to="OXT"/>
 </Residue>
 <Residue name="PRO">
  <Bond from="-C" to="N"/>
  <Bond from="C" to="CA"/>
  <Bond from="C" to="O"/>
  <Bond from="C" to="OXT"/>
  <Bond from="CA" to="CB"/>
  <Bond from="CA" to="HA"/>
  <Bond from="CA" to="N"/>
  <Bond from="CB" to="CG"/>
  <Bond from="CB" to="HB2"/>
  <Bond from="CB" to="HB3"/>
  <Bond from="CD" to="CG"/>
  <Bond from="CD" to="HD2"/>
  <Bond from="CD" to="HD3"/>
  <Bond from="CD" to="N"/>
  <Bond from="CG" to="HG2"/>
  <Bond from="CG" to="HG3"/>
  <Bond from="H" to="N"/>
  <Bond from="H2" to="N"/>
  <Bond from="H3" to="N"/>
  <Bond from="HXT" to="OXT"/>
 </Residue>
 <Residue name="SER">
  <Bond from="-C" to="N"/>
  <Bond from="C" to="CA"/>
  <Bond from="C" to="O"/>
  <Bond from="C" to="OXT"/>
  <Bond from="CA" to="CB"/>
  <Bond from="CA" to="HA"/>
  <Bond from="CA" to="N"/>
  <Bond from="CB" to="HB2"/>
  <Bond from="CB" to="HB3"/>
  <Bond from="CB" to="OG"/>
  <Bond from="H" to="N"/>
  <Bond from="H2" to="N"/>
  <Bond from="H3" to="N"/>
  <Bond from="HG" to="OG"/>
  <Bond from="HXT" to="OXT"/>
 </Residue>
 <Residue name="THR">
  <Bond from="-C" to="N"/>
  <Bond from="C" to="CA"/>
  <Bond from="C" to="O"/>
  <Bond from="C" to="OXT"/>
  <Bond from="CA" to="CB"/>
  <Bond from="CA" to="HA"/>
  <Bond from="CA" to="N"/>
  <Bond from="CB" to="CG2"/>
  <Bond from="CB" to="HB"/>
  <Bond from="CB" to="OG1"/>
  <Bond from="CG2" to="HG21"/>
  <Bond from="CG2" to="HG22"/>
  <Bond from="CG2" to="HG23"/>
  <Bond from="H" to="N"/>
  <Bond from="H2" to="N"/>
  <Bond from="H3" to="N"/>
  <Bond from="HG1" to="OG1"/>
  <Bond from="HXT" to="OXT"/>
 </Residue>
 <Residue name="TRP">
  <Bond from="-C" to="N"/>
  <Bond from="C" to="CA"/>
  <Bond from="C" to="O"/>
  <Bond from="C" to="OXT"/>
  <Bond from="CA" to="CB"/>
  <Bond from="CA" to="HA"/>
  <Bond from="CA" to="N"/>
  <Bond from="CB" to="CG"/>
  <Bond from="CB" to="HB2"/>
  <Bond from="CB" to="HB3"/>
  <Bond from="CD1" to="CG"/>
  <Bond from="CD1" to="HD1"/>
  <Bond from="CD1" to="NE1"/>
  <Bond from="CD2" to="CE2"/>
  <Bond from="CD2" to="CE3"/>
  <Bond from="CD2" to="CG"/>
  <Bond from="CE2" to="CZ2"/>
  <Bond from="CE2" to="NE1"/>
  <Bond from="CE3" to="CZ3"/>
  <Bond from="CE3" to="HE3"/>
  <Bond from="CH2" to="CZ2"/>
  <Bond from="CH2" to="CZ3"/>
  <Bond from="CH2" to="HH2"/>
  <Bond from="CZ2" to="HZ2"/>
  <Bond from="CZ3" to="HZ3"/>
  <Bond from="H" to="N"/>
  <Bond from="H2" to="N"/>
  <Bond from="H3" to="N"/>
  <Bond from="HE1" to="NE1"/>
  <Bond from="HXT" to="OXT"/>
 </Residue>
 <Residue name="TYR">
  <Bond from="-C" to="N"/>
  <Bond from="C" to="CA"/>
  <Bond from="C" to="O"/>
  <Bond from="C" to="OXT"/>
  <Bond from="CA" to="CB"/>
  <Bond from="CA" to="HA"/>
  <Bond from="CA" to="N"/>
  <Bond from="CB" to="CG"/>
  <Bond from="CB" to="HB2"/>
  <Bond from="CB" to="HB3"/>
  <Bond from="CD1" to="CE1"/>
  <Bond from="CD1" to="CG"/>
  <Bond from="CD1" to="HD1"/>
  <Bond from="CD2" to="CE2"/>
  <Bond from="CD2" to="CG"/>
  <Bond from="CD2" to="HD2"/>
  <Bond from="CE1" to="CZ"/>
  <Bond from="CE1" to="HE1"/>
  <Bond from="CE2" to="CZ"/>
  <Bond from="CE2" to="HE2"/>
  <Bond from="CZ" to="OH"/>
  <Bond from="H" to="N"/>
  <Bond from="H2" to="N"/>
  <Bond from="H3" to="N"/>
  <Bond from="HH" to="OH"/>
  <Bond from="HXT" to="OXT"/>
 </Residue>
 <Residue name="U">
  <Bond from="-O3'" to="P"/>
  <Bond from="C1'" to="C2'"/>
  <Bond from="C1'" to="H1'"/>
  <Bond from="C1'" to="N1"/>
  <Bond from="C1'" to="O4'"/>
  <Bond from="C2" to="N1"/>
  <Bond from="C2" to="N3"/>
  <Bond from="C2" to="O2"/>
  <Bond from="C2'" to="C3'"/>
  <Bond from="C2'" to="H2'"/>
  <Bond from="C2'" to="O2'"/>
  <Bond from="C3'" to="C4'"/>
  <Bond from="C3'" to="H3'"/>
  <Bond from="C3'" to="O3'"/>
  <Bond from="C4" to="C5"/>
  <Bond from="C4" to="N3"/>
  <Bond from="C4" to="O4"/>
  <Bond from="C4'" to="C5'"/>
  <Bond from="C4'" to="H4'"/>
  <Bond from="C4'" to="O4'"/>
  <Bond from="C5" to="C6"/>
  <Bond from="C5" to="H5"/>
  <Bond from="C5'" to="H5'"/>
  <Bond from="C5'" to="H5''"/>
  <Bond from="C5'" to="O5'"/>
  <Bond from="C6" to="H6"/>
  <Bond from="C6" to="N1"/>
  <Bond from="H3" to="N3"/>
  <Bond from="HO2'" to="O2'"/>
  <Bond from="HO3'" to="O3'"/>
  <Bond from="HOP2" to="OP2"/>
  <Bond from="HOP3" to="OP3"/>
  <Bond from="O5'" to="P"/>
  <Bond from="OP1" to="P"/>
  <Bond from="OP2" to="P"/>
  <Bond from="OP3" to="P"/>
  <Bond from="HO5'" to="O5'"/>
 </Residue>
 <Residue name="UNK">
  <Bond from="-C" to="N"/>
  <Bond from="C" to="CA"/>
  <Bond from="C" to="O"/>
  <Bond from="C" to="OXT"/>
  <Bond from="CA" to="CB"/>
  <Bond from="CA" to="HA"/>
  <Bond from="CA" to="N"/>
  <Bond from="CB" to="CG"/>
  <Bond from="CB" to="HB1"/>
  <Bond from="CB" to="HB2"/>
  <Bond from="CG" to="HG1"/>
  <Bond from="CG" to="HG2"/>
  <Bond from="CG" to="HG3"/>
  <Bond from="H" to="N"/>
  <Bond from="H2" to="N"/>
  <Bond from="H3" to="N"/>
  <Bond from="HXT" to="OXT"/>
 </Residue>
 <Residue name="VAL">
  <Bond from="-C" to="N"/>
  <Bond from="C" to="CA"/>
  <Bond from="C" to="O"/>
  <Bond from="C" to="OXT"/>
  <Bond from="CA" to="CB"/>
  <Bond from="CA" to="HA"/>
  <Bond from="CA" to="N"/>
  <Bond from="CB" to="CG1"/>
  <Bond from="CB" to="CG2"/>
  <Bond from="CB" to="HB"/>
  <Bond from="CG1" to="HG11"/>
  <Bond from="CG1" to="HG12"/>
  <Bond from="CG1" to="HG13"/>
  <Bond from="CG2" to="HG21"/>
  <Bond from="CG2" to="HG22"/>
  <Bond from="CG2" to="HG23"/>
  <Bond from="H" to="N"/>
  <Bond from="H2" to="N"/>
  <Bond from="H3" to="N"/>
  <Bond from="HXT" to="OXT"/>
 </Residue>
</Residues>
